arquivo,texto,creditos
eu.mp3,"Eu",2
pe.mp3,"pé",2
palma.mp3,"Palma",5
doi.mp3,"Dói",3
lua.mp3,"lua",3
luz.mp3,"Luz",3
mao.mp3,"mão",3
nao.mp3,"Não",3
sim.mp3,"Sim",3
arvore.mp3,"árvore",6
boneca.mp3,"Boneca",6
bola.mp3,"bola",4
bone.mp3,"Boné",4
colo.mp3,"Colo",4
copo.mp3,"copo",4
flor.mp3,"flor",4
gire.mp3,"Gire",4
luva.mp3,"Luva",4
mais.mp3,"Mais",4
olho.mp3,"Olho",4
pule.mp3,"Pule",4
rolo.mp3,"Rolo",4
sono.mp3,"Sono",4
dado.mp3,"Dado",4
alto.mp3,"Alto",4
cama.mp3,"cama",4
dedo.mp3,"DEDO",4
rato.mp3,"Rato",4
balao.mp3,"Balão",5
banho.mp3,"Banho",5
beber.mp3,"Beber",5
beijo.mp3,"Beijo",5
comer.mp3,"Comer",5
dance.mp3,"Dance",5
livro.mp3,"livro",5
mamae.mp3,"Mamãe",5
papai.mp3,"Papai",5
quero.mp3,"Quero",5
trevo.mp3,"Trevo",5
braco.mp3,"Braço",5
chave.mp3,"Chave",5
cheio.mp3,"Cheio",5
peixe.mp3,"peixe",5
duas-palmas.mp3,"Duas palmas",11
camisa.mp3,"Camisa",6
colher.mp3,"colher",6
comida.mp3,"Comida",6
escova.mp3,"Escova",6
formas.mp3,"Formas",6
frutas.mp3,"Frutas",6
musica.mp3,"Música",6
palmas.mp3,"Palmas",6
panela.mp3,"Panela",6
sapato.mp3,"sapato",6
tulipa.mp3,"tulipa",6
tambor.mp3,"Tambor",6
violao.mp3,"Violão",6
chapeu.mp3,"Chapéu",6
grande.mp3,"Grande",6
janela.mp3,"Janela",6
orelha.mp3,"Orelha",6
quente.mp3,"Quente",6
rapido.mp3,"Rápido",6
palma-e-pausa.mp3,"Palma e pausa",13
1-palma.mp3,"1 palma",7
brincar.mp3,"Brincar",7
mirtilo.mp3,"Mirtilo",7
palhaco.mp3,"Palhaço",7
passaro.mp3,"pássaro",7
sorvete.mp3,"Sorvete",7
ursinho.mp3,"Ursinho",7
animais.mp3,"Animais",7
relogio.mp3,"Relógio",7
2-palmas.mp3,"2 palmas",8
3-palmas.mp3,"3 palmas",8
banheiro.mp3,"Banheiro",8
de-tchau.mp3,"Dê tchau",8
dormindo.mp3,"Dormindo",8
girassol.mp3,"Girassol",8
obrigada.mp3,"Obrigada",8
obrigado.mp3,"Obrigado",8
pintinho.mp3,"Pintinho",8
praticar.mp3,"Praticar",8
presente.mp3,"Presente",8
reforcar.mp3,"Reforçar",8
tamanhos.mp3,"Tamanhos",8
veiculos.mp3,"Veículos",8
brocolis.mp3,"Brócolis",8
avancando.mp3,"Avançando",9
bichinhos.mp3,"Bichinhos",9
dois-e-um.mp3,"Dois e um",9
nao-quero.mp3,"Não quero",9
por-favor.mp3,"Por favor",9
cavalinho.mp3,"Cavalinho",9
palma-palma-pausa.mp3,"Palma, palma, pausa",19
2-a-3-anos.mp3,"2 a 3 anos",10
3-a-4-anos.mp3,"3 a 4 anos",10
4-a-5-anos.mp3,"4 a 5 anos",10
brinquedos.mp3,"Brinquedos",10
exploracao.mp3,"Exploração",10
bata-palmas.mp3,"Bata palmas",11
dia-e-noite.mp3,"Dia e noite",11
esta-doendo.mp3,"Está doendo",11
estou-feliz.mp3,"Estou feliz",11
tres-palmas.mp3,"Três palmas",11
helicoptero.mp3,"Helicóptero",11
6-a-12-meses.mp3,"6 a 12 meses",12
de-um-abraco.mp3,"Dê um abraço",12
estou-triste.mp3,"Estou triste",12
12-a-18-meses.mp3,"12 a 18 meses",13
18-a-24-meses.mp3,"18 a 24 meses",13
eu-quero-agua.mp3,"Eu quero água",13
eu-quero-colo.mp3,"Eu quero colo",13
nao-obrigado.mp3,"Não, obrigado",13
pausa-e-palma.mp3,"Pausa e palma",13
estou-com-sono.mp3,"Estou com sono",14
eu-quero-comer.mp3,"Eu quero comer",14
mande-um-beijo.mp3,"Mande um beijo",14
mais-por-favor.mp3,"Mais, por favor",15
cores-alternadas.mp3,"Cores alternadas",16
eu-quero-brincar.mp3,"Eu quero brincar",16
exploracao-ativa.mp3,"Exploração ativa",16
descoberta-guiada.mp3,"Descoberta guiada",17
estique-os-bracos.mp3,"Estique os braços",17
estrelas-e-formas.mp3,"Estrelas e formas",17
qual-e-diferente.mp3,"Qual é diferente?",17
quem-vai-brincar.mp3,"Quem vai brincar?",17
descoberta-inicial.mp3,"Descoberta inicial",18
estoure-as-bolhas.mp3,"Estoure as bolhas!",18
pausa-palma-palma.mp3,"Pausa, palma, palma",19
desafio-e-descoberta.mp3,"Desafio e descoberta",20
descoberta-e-escolha.mp3,"Descoberta e escolha",20
quero-ir-ao-banheiro.mp3,"Quero ir ao banheiro",20
desafio-em-construcao.mp3,"Desafio em construção",21
que-desenho-incrivel.mp3,"Que desenho incrível!",21
vamos-ouvir-novamente.mp3,"Vamos ouvir novamente.",22
faca-de-conta-que-dorme.mp3,"Faça de conta que dorme",23
qual-numero-vem-depois.mp3,"Qual número vem depois?",23
muito-bem-voce-acertou.mp3,"Muito bem! Você acertou!",24
palma-pausa-palma-palma.mp3,"Palma, pausa, palma, palma",26
vamos-observar-a-sequencia.mp3,"Vamos observar a sequência.",27
muito-bem-vamos-para-o-proximo.mp3,"Muito bem! Vamos para o próximo.",32
parabens-voce-acertou-as-cores.mp3,"Parabéns! Você acertou as cores!",32
vamos-desenhar-escolha-uma-cor.mp3,"Vamos desenhar! Escolha uma cor.",32
escolha-algumas-palavras-primeiro.mp3,"Escolha algumas palavras primeiro!",34
toque-nos-animais-para-fazer-musica.mp3,"Toque nos animais para fazer música!",36
o-que-voce-quer-dizer-toque-num-cartao.mp3,"O que você quer dizer? Toque num cartão.",40
parabens-voce-completou-o-quebra-cabeca.mp3,"Parabéns! Você completou o quebra-cabeça!",41
